<addon id="steinmann.http.repository" name="Http Beta Repository" version="1.1.1" provider-name="Steinmann">
    <requires>
        <import addon="xbmc.addon" version="14.0.0"/>
    </requires>
    <extension point="xbmc.addon.repository" name="Http Beta Repository">
        <info compressed="false">
            https://raw.githubusercontent.com/sebastian-steinmann/kodi-repo/master/repository/addons.xml
        </info>
        <checksum>
            https://raw.githubusercontent.com/sebastian-steinmann/kodi-repo/master/repository/addons.xml
        </checksum>
        <datadir zip="true">
            https://raw.githubusercontent.com/sebastian-steinmann/kodi-repo/master/repository/
        </datadir>
        <hashes>true</hashes>
    </extension>
    <extension point="xbmc.addon.metadata">
        <summary>
            Install add-ons from the magical Steinmann
        </summary>
        <description>

        </description>
        <platform>all</platform>
        <news>
            1.1.1 Fikset riktig link til addons.xml
        </news>
    </extension>
</addon>