<?xml version="1.0" encoding="UTF-8" standalone="yes"?>
<addon id="service.library.video" name="Video lib sync" version="0.2.0" provider-name="Steinmann">
  <requires>
    <import addon="xbmc.python" version="2.14.0"/>
    <import addon="script.module.requests" version="2.9.1" />
  </requires>
  <extension point="xbmc.service" library="service.py" start="login" />
  <extension point="xbmc.addon.metadata">
    <summary lang="en">Get subtitles from HTTP</summary>
    <description lang="en">Tries to find subs in the ./Subs folder</description>
    <disclaimer lang="en"/>
    <platform>all</platform>
    <language/>
    <license>GNU GENERAL PUBLIC LICENSE. Version 2, June 1991</license>
    <forum></forum>
    <website/>
    <email/>
    <source></source>
    <news>
    0.2.0:
    * Fikset rating-vising
    * endret så dateAdded blir riktig
    * Oppdaterer ikke dateAdded med last_changed, men bruker strHash istedenfor
    0.1.2: Fikset poc filer og riktig logging ved incremental
    0.1.1: Fikset dateparse feil
    0.1.0: Initial
    </news>
  </extension>
</addon>