<?xml version="1.0" encoding="UTF-8" standalone="yes"?>
<addon id="service.library.video" name="Video lib sync" version="2.0.5" provider-name="Steinmann">
  <requires>
    <import addon="xbmc.python" version="3.0.0" />
    <import addon="script.module.requests" version="2.9.1" />
    <import addon="script.module.future" version="0.0.1"/>
    <import addon="script.module.web-pdb" />
  </requires>
  <extension point="xbmc.service" library="service.py" start="login" />
  <extension point="xbmc.addon.metadata">
    <summary lang="en">Sync filmbibliotek</summary>
    <description lang="en">Synkroniserer filmer med ekstern tjeneste</description>
    <disclaimer lang="en"/>
    <platform>all</platform>
    <language/>
    <license>GNU GENERAL PUBLIC LICENSE. Version 2, June 1991</license>
    <forum></forum>
    <website/>
    <email/>
    <source></source>
    <news>
    0.6.0
    * Fikset så sjekk ligger riktig sted og la på interval på settings
    0.5.8
    * Fikset så den ikke kjører sync mens man ser serie/film for å begrense crash and burn
    0.5.8-1
    * Fikset threading issues
    0.5.7
    * Fikset datoformat på dateadded
    0.5.6
    * Fikset feil med last_update istedenfor dateadded på file/folder
    0.5.5
    * Fikset linking av artwork
    * Fikset fanart-url
    0.5.4
    * Fjernet w200 på bilder da formatet ikke finnes, original på alt..
    0.5.3
    * Forced update
    0.5.2
    * Fjernet kodi-kommando for å oppdatere lib, da den satt igang andre scans også
    0.5.1
    * Fikset feil med filmer som manglet trailer
    * Gjør en initial scan
    0.5.0
    * Lagt til trailers
    * Lagt til bedre poster/thumb
    * Lagt til fanart
    * Lagt til tagline
    0.4.7
    * Skrudd av actor-sync ved update, kun initial insert
    * Fikset full-sync
    0.4.6
    * Endret litt på struktur rundt fjerning
    0.4.5
    * Hardening på fjerning av filmer
    0.4.4
    * Fikset feil med fjerning av filmer
    0.4.3
    * Faktisk fikset feilen...
    0.4.2
    * Fikset feil der genre-adding feilet
    0.4.1
    * Forbedret sjekk og opprettelse av tags/genres
    0.4.0
    * Lagt til sync av tags
    0.3.1
    * Fikset feil ved lagring av client_version
    0.3.0
    * La til client_version som gjør full sync når client oppdaterer seg
    * Fikset feil der dateAdded ikke ble fikset (Skriver nå over igjen)
    0.2.0:
    * Fikset rating-vising
    * endret så dateAdded blir riktig
    * Oppdaterer ikke dateAdded med last_changed, men bruker strHash istedenfor
    0.1.2:
    Fikset poc filer og riktig logging ved incremental
    0.1.1:
    Fikset dateparse feil
    0.1.0:
    Initial
    </news>
  </extension>
</addon>