<addon id="steinmann.http.repository" name="Http Repository" version="1.0.0" provider-name="Steinmann">
    <requires>
        <import addon="xbmc.addon" version="14.0.0"/>
    </requires>
    <extension point="xbmc.addon.repository" name="Http Repository">
        <info compressed="false">
            https://raw.githubusercontent.com/sebastian-steinmann/kodi-repo/latest/plugins/addons.xml
        </info>
        <checksum>
            https://raw.githubusercontent.com/sebastian-steinmann/kodi-repo/latest/plugins/addons.xml.md5
        </checksum>
        <datadir zip="true">
            https://raw.githubusercontent.com/sebastian-steinmann/kodi-repo/latest/plugins
        </datadir>
        <hashes>true</hashes>
    </extension>
    <extension point="xbmc.addon.metadata">
        <summary>
            Install add-ons from the magical Steinmann
        </summary>
        <description>
            
        </description>
        <disclaimer>
            The SuperRepo generator fetches addons from multiple sources. Therefore SuperRepo accepts no responsibility for included addons.[CR]
        </disclaimer>
        <platform>all</platform>
        <website>https://superrepo.org/</website>
    </extension>
</addon>